id,new_category,confidence
731,Self-Love & Worthiness,Medium
732,Self-Love & Worthiness,Low
733,Self-Love & Worthiness,Medium
734,Peace,Medium
735,Self-Love & Worthiness,High
736,Love & Relationships,Medium
737,Love & Relationships,Medium
738,Self-Love & Worthiness,Medium
739,Peace,Medium
740,Self-Love & Worthiness,Low
741,Self-Love & Worthiness,Low
742,Self-Love & Worthiness,Low
743,Self-Love & Worthiness,Medium
744,Self-Love & Worthiness,Low
745,Self-Love & Worthiness,Medium
746,Wealth & Abundance,High
747,Wealth & Abundance,Medium
748,Self-Love & Worthiness,Low
749,Health & Wholeness,High
750,Wealth & Abundance,Medium
751,Self-Love & Worthiness,Low
752,Purpose,Medium
753,Love & Relationships,Medium
754,Self-Love & Worthiness,Medium
755,Peace,Medium
756,Peace,Medium
757,Confidence & Inner Strength,Medium
758,Self-Love & Worthiness,Low
759,Self-Love & Worthiness,Medium
760,Self-Love & Worthiness,Low
761,Self-Love & Worthiness,Low
762,Love & Relationships,Medium
763,Self-Love & Worthiness,Low
764,Self-Love & Worthiness,Low
765,Health & Wholeness,Medium
766,Health & Wholeness,Medium
767,Health & Wholeness,Medium
768,Self-Love & Worthiness,Low
769,Self-Love & Worthiness,Low
770,Self-Love & Worthiness,Low
771,Self-Love & Worthiness,Low
772,Self-Love & Worthiness,Low
773,Self-Love & Worthiness,Low
774,Self-Love & Worthiness,Low
775,Self-Love & Worthiness,Low
776,Self-Love & Worthiness,Low
777,Self-Love & Worthiness,Low
778,Self-Love & Worthiness,Low
779,Peace,Medium
780,Self-Love & Worthiness,Low
781,Self-Love & Worthiness,Low
782,Self-Love & Worthiness,Medium
783,Self-Love & Worthiness,Low
784,Peace,Medium
785,Peace,Medium
786,Purpose,Medium
787,Self-Love & Worthiness,Low
788,Love & Relationships,Medium
789,Self-Love & Worthiness,Low
790,Confidence & Inner Strength,High
791,Self-Love & Worthiness,Low
792,Self-Love & Worthiness,Low
793,Love & Relationships,Medium
794,Love & Relationships,Medium
795,Self-Love & Worthiness,Low
796,Self-Love & Worthiness,Low
797,Self-Love & Worthiness,Low
798,Self-Love & Worthiness,Low
799,Love & Relationships,Medium
800,Self-Love & Worthiness,Low
801,Self-Love & Worthiness,Low
802,Love & Relationships,Medium
803,Wealth & Abundance,High
804,Self-Love & Worthiness,Low
805,Self-Love & Worthiness,Low
806,Health & Wholeness,Medium
807,Self-Love & Worthiness,Low
808,Love & Relationships,Medium
809,Love & Relationships,Medium
810,Love & Relationships,Medium
811,Peace,Medium
812,Peace,Medium
813,Self-Love & Worthiness,Low
814,Wealth & Abundance,Medium
815,Love & Relationships,Medium
816,Peace,Medium
817,Peace,Medium
818,Self-Love & Worthiness,Medium
819,Peace,Medium
820,Peace,Medium
821,Love & Relationships,Medium
822,Love & Relationships,Medium
823,Self-Love & Worthiness,Medium
824,Self-Love & Worthiness,Medium
825,Self-Love & Worthiness,Low
826,Self-Love & Worthiness,Low
827,Self-Love & Worthiness,Low
828,Self-Love & Worthiness,Low
829,Confidence & Inner Strength,Medium
830,Peace,Medium
831,Peace,Medium
832,Peace,Medium
833,Self-Love & Worthiness,Low
834,Peace,High
835,Self-Love & Worthiness,Low
836,Self-Love & Worthiness,Low
837,Health & Wholeness,Medium
838,Self-Love & Worthiness,Low
839,Peace,Medium
840,Peace,Medium
841,Self-Love & Worthiness,Medium
842,Self-Love & Worthiness,Medium
843,Self-Love & Worthiness,Low
844,Self-Love & Worthiness,Medium
845,Self-Love & Worthiness,Medium
846,Self-Love & Worthiness,Low
847,Self-Love & Worthiness,Low
848,Self-Love & Worthiness,Low
849,Self-Love & Worthiness,Low
850,Peace,Medium
851,Wealth & Abundance,Medium
852,Self-Love & Worthiness,Low
853,Self-Love & Worthiness,Low
854,Peace,Medium
855,Wealth & Abundance,Medium
856,Peace,Medium
857,Wealth & Abundance,Medium
858,Self-Love & Worthiness,Medium
859,Self-Love & Worthiness,Low
860,Self-Love & Worthiness,Medium
861,Self-Love & Worthiness,Low
862,Self-Love & Worthiness,High
863,Self-Love & Worthiness,High
864,Self-Love & Worthiness,Low
865,Self-Love & Worthiness,Low
866,Self-Love & Worthiness,Low
867,Self-Love & Worthiness,Low
868,Self-Love & Worthiness,Low
869,Self-Love & Worthiness,Medium
870,Self-Love & Worthiness,Medium
871,Love & Relationships,Medium
872,Love & Relationships,High
873,Love & Relationships,Medium
874,Self-Love & Worthiness,Low
875,Self-Love & Worthiness,High
876,Self-Love & Worthiness,Medium
877,Self-Love & Worthiness,Low
878,Confidence & Inner Strength,Medium
879,Love & Relationships,Medium
880,Self-Love & Worthiness,Low
881,Self-Love & Worthiness,Low
882,Self-Love & Worthiness,Low
883,Self-Love & Worthiness,Low
884,Self-Love & Worthiness,Low
885,Self-Love & Worthiness,Medium
886,Self-Love & Worthiness,Low
887,Love & Relationships,Medium
888,Love & Relationships,Medium
889,Love & Relationships,Medium
890,Love & Relationships,Medium
891,Self-Love & Worthiness,Medium
892,Self-Love & Worthiness,Medium
893,Self-Love & Worthiness,Low
894,Love & Relationships,Medium
895,Love & Relationships,Medium
896,Love & Relationships,Medium
897,Love & Relationships,Medium
898,Love & Relationships,Medium
899,Health & Wholeness,Medium
900,Love & Relationships,Medium
901,Love & Relationships,Medium
902,Love & Relationships,Medium
903,Love & Relationships,Medium
904,Love & Relationships,Medium
905,Self-Love & Worthiness,Low
906,Self-Love & Worthiness,Low
907,Self-Love & Worthiness,Medium
908,Self-Love & Worthiness,Medium
909,Self-Love & Worthiness,Low
910,Self-Love & Worthiness,Low
911,Self-Love & Worthiness,Low
912,Self-Love & Worthiness,Low
913,Self-Love & Worthiness,Low
914,Self-Love & Worthiness,Low
915,Self-Love & Worthiness,Low
916,Self-Love & Worthiness,Low
917,Self-Love & Worthiness,Low
918,Self-Love & Worthiness,Low
919,Peace,Medium
920,Wealth & Abundance,Medium
921,Self-Love & Worthiness,Low
922,Self-Love & Worthiness,Low
923,Self-Love & Worthiness,Medium
924,Self-Love & Worthiness,Low
925,Love & Relationships,Medium
926,Love & Relationships,Medium
927,Peace,Medium
928,Peace,Medium
929,Peace,Medium
930,Peace,Medium
931,Peace,Medium
932,Peace,Medium
933,Love & Relationships,Medium
934,Peace,Medium
935,Peace,Medium
936,Peace,Medium
937,Peace,Medium
938,Self-Love & Worthiness,Low
939,Self-Love & Worthiness,Low
940,Self-Love & Worthiness,Medium
941,Self-Love & Worthiness,Medium
942,Self-Love & Worthiness,Medium
943,Self-Love & Worthiness,Low
944,Wealth & Abundance,Medium
945,Peace,Medium
946,Self-Love & Worthiness,Low
947,Self-Love & Worthiness,Low
948,Peace,Medium
949,Self-Love & Worthiness,Medium
950,Self-Love & Worthiness,Medium
951,Self-Love & Worthiness,Low
952,Self-Love & Worthiness,Low
953,Self-Love & Worthiness,Low
954,Self-Love & Worthiness,Low
955,Self-Love & Worthiness,Low
956,Love & Relationships,Medium
957,Peace,Medium
958,Self-Love & Worthiness,Low
959,Love & Relationships,Medium
960,Self-Love & Worthiness,Low
961,Peace,Medium
962,Self-Love & Worthiness,Low
963,Self-Love & Worthiness,Low
964,Self-Love & Worthiness,Low
965,Self-Love & Worthiness,Low
966,Love & Relationships,Medium
967,Love & Relationships,Medium
968,Love & Relationships,Medium
969,Love & Relationships,Medium
970,Love & Relationships,Medium
971,Self-Love & Worthiness,Low
972,Self-Love & Worthiness,Low
973,Self-Love & Worthiness,Low
974,Love & Relationships,Medium
975,Love & Relationships,Medium
976,Self-Love & Worthiness,Medium
977,Love & Relationships,Medium
978,Love & Relationships,Medium
979,Love & Relationships,Medium
980,Love & Relationships,Medium
981,Love & Relationships,Medium
982,Self-Love & Worthiness,Low
983,Wealth & Abundance,Medium
984,Self-Love & Worthiness,Low
985,Self-Love & Worthiness,Low
986,Self-Love & Worthiness,Low
987,Peace,Medium
988,Peace,Medium
989,Self-Love & Worthiness,Low
990,Self-Love & Worthiness,Medium
991,Self-Love & Worthiness,Medium
992,Self-Love & Worthiness,Medium
993,Self-Love & Worthiness,Medium
994,Self-Love & Worthiness,Medium
995,Self-Love & Worthiness,Medium
996,Self-Love & Worthiness,Medium
997,Self-Love & Worthiness,Low
998,Self-Love & Worthiness,Low
999,Self-Love & Worthiness,Low
1000,Self-Love & Worthiness,Medium
1001,Confidence & Inner Strength,High
1002,Self-Love & Worthiness,Medium
1003,Self-Love & Worthiness,Low
1004,Self-Love & Worthiness,Low
1005,Self-Love & Worthiness,Low
1006,Self-Love & Worthiness,Low
1007,Peace,Medium
1008,Love & Relationships,Medium
1009,Love & Relationships,High
1010,Love & Relationships,Medium
1011,Love & Relationships,Medium
1012,Love & Relationships,Medium
1013,Love & Relationships,Medium
1014,Love & Relationships,Medium
1015,Self-Love & Worthiness,Medium
1016,Love & Relationships,Medium
1017,Self-Love & Worthiness,Low
1018,Self-Love & Worthiness,Low
1019,Purpose,Medium
1020,Purpose,Medium
1021,Self-Love & Worthiness,Low
1022,Love & Relationships,Medium
1023,Self-Love & Worthiness,Low
1024,Self-Love & Worthiness,Low
1025,Self-Love & Worthiness,Low
1026,Love & Relationships,Medium
1027,Love & Relationships,Medium
1028,Love & Relationships,Medium
1029,Love & Relationships,Medium
1030,Love & Relationships,Medium
1031,Self-Love & Worthiness,Low
1032,Love & Relationships,Medium
1033,Peace,Medium
1034,Love & Relationships,Medium
1035,Love & Relationships,Medium
1036,Love & Relationships,Medium
1037,Love & Relationships,Medium
1038,Love & Relationships,Medium
1039,Purpose,Medium
1040,Self-Love & Worthiness,Low
1041,Self-Love & Worthiness,Medium
1042,Self-Love & Worthiness,Medium
1043,Self-Love & Worthiness,Low
1044,Love & Relationships,High
1045,Peace,Medium
1046,Love & Relationships,Medium
1047,Love & Relationships,Medium
1048,Love & Relationships,Medium
1049,Self-Love & Worthiness,Low
1050,Self-Love & Worthiness,Low
1051,Love & Relationships,Medium
1052,Love & Relationships,Medium
1053,Self-Love & Worthiness,Low
1054,Self-Love & Worthiness,Low
1055,Love & Relationships,Medium
1056,Peace,Medium
1057,Peace,Medium
1058,Self-Love & Worthiness,Low
1059,Peace,Medium
1060,Self-Love & Worthiness,Low
1061,Self-Love & Worthiness,Low
1062,Self-Love & Worthiness,Low
1063,Self-Love & Worthiness,Low
1064,Self-Love & Worthiness,Low
1065,Self-Love & Worthiness,Low
1066,Self-Love & Worthiness,High
1067,Self-Love & Worthiness,Low
1068,Wealth & Abundance,Medium
1069,Love & Relationships,Medium
1070,Self-Love & Worthiness,Low
1071,Self-Love & Worthiness,Low
1072,Self-Love & Worthiness,Low
1073,Self-Love & Worthiness,Low
1074,Self-Love & Worthiness,Low
1075,Love & Relationships,Medium
1076,Self-Love & Worthiness,Low
1077,Self-Love & Worthiness,Low
1078,Love & Relationships,Medium
1079,Health & Wholeness,High
1080,Purpose,Medium
1081,Self-Love & Worthiness,Low
1082,Self-Love & Worthiness,Medium
1083,Self-Love & Worthiness,Low
1084,Self-Love & Worthiness,Low
1085,Self-Love & Worthiness,Low
1086,Purpose,Medium
1087,Peace,Medium
1088,Self-Love & Worthiness,Low
1089,Self-Love & Worthiness,Low
1090,Self-Love & Worthiness,Medium
1091,Love & Relationships,Medium
1092,Self-Love & Worthiness,Low
1093,Peace,Medium
1094,Self-Love & Worthiness,Low
1095,Self-Love & Worthiness,Medium
1096,Self-Love & Worthiness,Medium
1097,Self-Love & Worthiness,Low
1098,Self-Love & Worthiness,Low
1099,Self-Love & Worthiness,Low
1100,Self-Love & Worthiness,Low
1101,Purpose,Medium
1102,Self-Love & Worthiness,High
1103,Self-Love & Worthiness,Medium
1104,Self-Love & Worthiness,Low
1105,Self-Love & Worthiness,Medium
1106,Self-Love & Worthiness,Low
1107,Self-Love & Worthiness,Medium
1108,Peace,Medium
1109,Self-Love & Worthiness,High
1110,Love & Relationships,Medium
1111,Love & Relationships,Medium
1112,Self-Love & Worthiness,Medium
1113,Peace,Medium
1114,Self-Love & Worthiness,Low
1115,Self-Love & Worthiness,Low
1116,Self-Love & Worthiness,Low
1117,Self-Love & Worthiness,Medium
1118,Self-Love & Worthiness,Low
1119,Self-Love & Worthiness,Medium
1120,Wealth & Abundance,High
1121,Wealth & Abundance,Medium
1122,Self-Love & Worthiness,Low
1123,Health & Wholeness,High
1124,Wealth & Abundance,Medium
1125,Self-Love & Worthiness,Low
1126,Purpose,Medium
1127,Love & Relationships,Medium
1128,Self-Love & Worthiness,Medium
1129,Peace,Medium
1130,Peace,Medium
1131,Confidence & Inner Strength,Medium
1132,Self-Love & Worthiness,Low
1133,Self-Love & Worthiness,Medium
1134,Self-Love & Worthiness,Low
1135,Self-Love & Worthiness,Low
1136,Love & Relationships,Medium
1137,Self-Love & Worthiness,Low
1138,Self-Love & Worthiness,Low
1139,Health & Wholeness,Medium
1140,Health & Wholeness,Medium
1141,Health & Wholeness,Medium
1142,Self-Love & Worthiness,Low
1143,Self-Love & Worthiness,Low
1144,Self-Love & Worthiness,Low
1145,Self-Love & Worthiness,Low
1146,Self-Love & Worthiness,Low
1147,Self-Love & Worthiness,Low
1148,Self-Love & Worthiness,Low
1149,Self-Love & Worthiness,Low
1150,Self-Love & Worthiness,Low
1151,Self-Love & Worthiness,Low
1152,Self-Love & Worthiness,Low
1153,Peace,Medium
1154,Self-Love & Worthiness,Low
1155,Self-Love & Worthiness,Low
1156,Self-Love & Worthiness,Medium
1157,Self-Love & Worthiness,Low
1158,Peace,Medium
1159,Peace,Medium
1160,Purpose,Medium
1161,Self-Love & Worthiness,Low
1162,Love & Relationships,Medium
1163,Self-Love & Worthiness,Low
1164,Confidence & Inner Strength,High
1165,Self-Love & Worthiness,Low
1166,Self-Love & Worthiness,Low
1167,Love & Relationships,Medium
1168,Love & Relationships,Medium
1169,Self-Love & Worthiness,Low
1170,Self-Love & Worthiness,Low
1171,Self-Love & Worthiness,Low
1172,Self-Love & Worthiness,Low
1173,Love & Relationships,Medium
1174,Self-Love & Worthiness,Low
1175,Self-Love & Worthiness,Low
1176,Love & Relationships,Medium
1177,Wealth & Abundance,High
1178,Self-Love & Worthiness,Low
1179,Self-Love & Worthiness,Low
1180,Health & Wholeness,Medium
1181,Self-Love & Worthiness,Low
1182,Love & Relationships,Medium
1183,Love & Relationships,Medium
1184,Love & Relationships,Medium
1185,Peace,Medium
1186,Peace,Medium
1187,Self-Love & Worthiness,Low
1188,Wealth & Abundance,Medium
1189,Love & Relationships,Medium
1190,Peace,Medium
1191,Peace,Medium
1192,Self-Love & Worthiness,Medium
1193,Peace,Medium
1194,Peace,Medium
1195,Love & Relationships,Medium
1196,Love & Relationships,Medium
1197,Self-Love & Worthiness,Medium
1198,Self-Love & Worthiness,Medium
1199,Self-Love & Worthiness,Low
1200,Self-Love & Worthiness,Low
1201,Self-Love & Worthiness,Low
1202,Self-Love & Worthiness,Low
1203,Confidence & Inner Strength,Medium
1204,Peace,Medium
1205,Peace,Medium
1206,Peace,Medium
1207,Self-Love & Worthiness,Low
1208,Peace,High
1209,Self-Love & Worthiness,Low
1210,Self-Love & Worthiness,Low
1211,Health & Wholeness,Medium
1212,Self-Love & Worthiness,Low
1213,Peace,Medium
1214,Peace,Medium
1215,Self-Love & Worthiness,Medium
1216,Self-Love & Worthiness,Medium
1217,Self-Love & Worthiness,Low
1218,Self-Love & Worthiness,Medium
1219,Self-Love & Worthiness,Medium
1220,Self-Love & Worthiness,Low
1221,Self-Love & Worthiness,Low
1222,Self-Love & Worthiness,Low
1223,Self-Love & Worthiness,Low
1224,Peace,Medium
1225,Wealth & Abundance,Medium
1226,Self-Love & Worthiness,Low
1227,Self-Love & Worthiness,Low
1228,Peace,Medium
1229,Wealth & Abundance,Medium
1230,Peace,Medium
1231,Wealth & Abundance,Medium
1232,Self-Love & Worthiness,Medium
1233,Self-Love & Worthiness,Low
1234,Self-Love & Worthiness,Medium
1235,Self-Love & Worthiness,Low
1236,Self-Love & Worthiness,High
1237,Self-Love & Worthiness,High
1238,Self-Love & Worthiness,Low
1239,Self-Love & Worthiness,Low
1240,Self-Love & Worthiness,Low
1241,Self-Love & Worthiness,Low
1242,Self-Love & Worthiness,Low
1243,Self-Love & Worthiness,Medium
1244,Self-Love & Worthiness,Medium
1245,Love & Relationships,Medium
1246,Love & Relationships,High
1247,Love & Relationships,Medium
1248,Self-Love & Worthiness,Low
1249,Self-Love & Worthiness,High
1250,Self-Love & Worthiness,Medium
1251,Self-Love & Worthiness,Low
1252,Confidence & Inner Strength,Medium
1253,Love & Relationships,Medium
1254,Self-Love & Worthiness,Low
1255,Self-Love & Worthiness,Low
1256,Self-Love & Worthiness,Low
1257,Self-Love & Worthiness,Low
1258,Self-Love & Worthiness,Low
1259,Self-Love & Worthiness,Medium
1260,Self-Love & Worthiness,Low
1261,Love & Relationships,Medium
1262,Love & Relationships,Medium
1263,Love & Relationships,Medium
1264,Love & Relationships,Medium
1265,Self-Love & Worthiness,Medium
1266,Self-Love & Worthiness,Medium
1267,Self-Love & Worthiness,Low
1268,Love & Relationships,Medium
1269,Love & Relationships,Medium
1270,Love & Relationships,Medium
1271,Love & Relationships,Medium
1272,Love & Relationships,Medium
1273,Health & Wholeness,Medium
1274,Love & Relationships,Medium
1275,Love & Relationships,Medium
1276,Love & Relationships,Medium
1277,Love & Relationships,Medium
1278,Love & Relationships,Medium
1279,Self-Love & Worthiness,Low
1280,Self-Love & Worthiness,Low
1281,Self-Love & Worthiness,Medium
1282,Self-Love & Worthiness,Medium
1283,Self-Love & Worthiness,Low
1284,Self-Love & Worthiness,Low
1285,Self-Love & Worthiness,Low
1286,Self-Love & Worthiness,Low
1287,Self-Love & Worthiness,Low
1288,Self-Love & Worthiness,Low
1289,Self-Love & Worthiness,Low
1290,Self-Love & Worthiness,Low
1291,Self-Love & Worthiness,Low
1292,Self-Love & Worthiness,Low
1293,Peace,Medium
1294,Wealth & Abundance,Medium
1295,Self-Love & Worthiness,Low
1296,Self-Love & Worthiness,Low
1297,Self-Love & Worthiness,Medium
1298,Self-Love & Worthiness,Low
1299,Love & Relationships,Medium
1300,Love & Relationships,Medium
1301,Peace,Medium
1302,Peace,Medium
1303,Peace,Medium
1304,Peace,Medium
1305,Peace,Medium
1306,Peace,Medium
1307,Love & Relationships,Medium
1308,Peace,Medium
1309,Peace,Medium
1310,Peace,Medium
1311,Peace,Medium
1312,Self-Love & Worthiness,Low
1313,Self-Love & Worthiness,Low
1314,Self-Love & Worthiness,Medium
1315,Self-Love & Worthiness,Medium
1316,Self-Love & Worthiness,Medium
1317,Self-Love & Worthiness,Low
1318,Wealth & Abundance,Medium
1319,Peace,Medium
1320,Self-Love & Worthiness,Low
1321,Self-Love & Worthiness,Low
1322,Peace,Medium
1323,Self-Love & Worthiness,Medium
1324,Self-Love & Worthiness,Medium
1325,Self-Love & Worthiness,Low
1326,Self-Love & Worthiness,Low
1327,Self-Love & Worthiness,Low
1328,Self-Love & Worthiness,Low
1329,Self-Love & Worthiness,Low
1330,Love & Relationships,Medium
1331,Peace,Medium
1332,Self-Love & Worthiness,Low
1333,Love & Relationships,Medium
1334,Self-Love & Worthiness,Low
1335,Peace,Medium
1336,Self-Love & Worthiness,Low
1337,Self-Love & Worthiness,Low
1338,Self-Love & Worthiness,Low
1339,Self-Love & Worthiness,Low
1340,Love & Relationships,Medium
1341,Love & Relationships,Medium
1342,Love & Relationships,Medium
1343,Love & Relationships,Medium
1344,Love & Relationships,Medium
1345,Self-Love & Worthiness,Low
1346,Self-Love & Worthiness,Low
1347,Self-Love & Worthiness,Low
1348,Love & Relationships,Medium
1349,Love & Relationships,Medium
1350,Self-Love & Worthiness,Medium
1351,Love & Relationships,Medium
1352,Love & Relationships,Medium
1353,Love & Relationships,Medium
1354,Love & Relationships,Medium
1355,Love & Relationships,Medium
1356,Self-Love & Worthiness,Low
1357,Wealth & Abundance,Medium
1358,Self-Love & Worthiness,Low
1359,Self-Love & Worthiness,Low
1360,Self-Love & Worthiness,Low
1361,Peace,Medium
1362,Peace,Medium
1363,Self-Love & Worthiness,Low
1364,Self-Love & Worthiness,Medium
1365,Self-Love & Worthiness,Medium
1366,Self-Love & Worthiness,Medium
1367,Self-Love & Worthiness,Medium
1368,Self-Love & Worthiness,Medium
1369,Self-Love & Worthiness,Medium
1370,Self-Love & Worthiness,Medium
1371,Self-Love & Worthiness,Low
1372,Self-Love & Worthiness,Low
1373,Self-Love & Worthiness,Low
1374,Self-Love & Worthiness,Medium
1375,Confidence & Inner Strength,High
1376,Self-Love & Worthiness,Medium
1377,Self-Love & Worthiness,Low
1378,Self-Love & Worthiness,Low
1379,Self-Love & Worthiness,Low
1380,Self-Love & Worthiness,Low
1381,Peace,Medium
1382,Love & Relationships,Medium
1383,Love & Relationships,High
1384,Love & Relationships,Medium
1385,Love & Relationships,Medium
1386,Love & Relationships,Medium
1387,Love & Relationships,Medium
1388,Love & Relationships,Medium
1389,Self-Love & Worthiness,Medium
1390,Love & Relationships,Medium
1391,Self-Love & Worthiness,Low
1392,Self-Love & Worthiness,Low
1393,Purpose,Medium
1394,Purpose,Medium
1395,Self-Love & Worthiness,Low
1396,Love & Relationships,Medium
1397,Self-Love & Worthiness,Low
1398,Self-Love & Worthiness,Low
1399,Self-Love & Worthiness,Low
1400,Love & Relationships,Medium
1401,Love & Relationships,Medium
1402,Love & Relationships,Medium
1403,Love & Relationships,Medium
1404,Love & Relationships,Medium
1405,Self-Love & Worthiness,Low
1406,Love & Relationships,Medium
1407,Peace,Medium
1408,Love & Relationships,Medium
1409,Love & Relationships,Medium
1410,Love & Relationships,Medium
1411,Love & Relationships,Medium
1412,Love & Relationships,Medium
1413,Purpose,Medium
1414,Self-Love & Worthiness,Low
1415,Self-Love & Worthiness,Medium
1416,Self-Love & Worthiness,Medium
1417,Self-Love & Worthiness,Low
1418,Love & Relationships,High
1419,Peace,Medium
1420,Love & Relationships,Medium
1421,Love & Relationships,Medium
1422,Love & Relationships,Medium
1423,Self-Love & Worthiness,Low
1424,Self-Love & Worthiness,Low
1425,Love & Relationships,Medium
1426,Love & Relationships,Medium
1427,Self-Love & Worthiness,Low
1428,Self-Love & Worthiness,Low
1429,Love & Relationships,Medium
1430,Peace,Medium
1431,Peace,Medium
1432,Self-Love & Worthiness,Low
1433,Peace,Medium
1434,Self-Love & Worthiness,Low
1435,Self-Love & Worthiness,Low
1436,Self-Love & Worthiness,Low
1437,Self-Love & Worthiness,Low
1438,Self-Love & Worthiness,Low
1439,Self-Love & Worthiness,Low
1440,Self-Love & Worthiness,High
1441,Self-Love & Worthiness,Low
1442,Wealth & Abundance,Medium
1443,Love & Relationships,Medium
1444,Self-Love & Worthiness,Low
1445,Self-Love & Worthiness,Low
1446,Self-Love & Worthiness,Low
1447,Self-Love & Worthiness,Low
1448,Self-Love & Worthiness,Low
1449,Love & Relationships,Medium
1450,Self-Love & Worthiness,Low
1451,Self-Love & Worthiness,Low
1452,Love & Relationships,Medium
1453,Health & Wholeness,High
1454,Purpose,Medium
1455,Self-Love & Worthiness,Low
1456,Self-Love & Worthiness,Medium
1457,Self-Love & Worthiness,Low
1458,Self-Love & Worthiness,Low
1459,Self-Love & Worthiness,Low
1460,Purpose,Medium
1461,Peace,Medium
1462,Self-Love & Worthiness,Low
1463,Self-Love & Worthiness,Low
1464,Self-Love & Worthiness,Medium
1465,Love & Relationships,Medium
1466,Self-Love & Worthiness,Low
1467,Peace,Medium
1468,Self-Love & Worthiness,Low
1469,Self-Love & Worthiness,Medium
1470,Self-Love & Worthiness,Medium
1471,Self-Love & Worthiness,Low
1472,Self-Love & Worthiness,Low
1473,Self-Love & Worthiness,Low
1474,Self-Love & Worthiness,Low
1475,Purpose,Medium
1476,Self-Love & Worthiness,High
1477,Self-Love & Worthiness,Medium
1478,Self-Love & Worthiness,Low
1479,Self-Love & Worthiness,Medium
1480,Self-Love & Worthiness,Low
1481,Self-Love & Worthiness,Medium
1482,Peace,Medium
1483,Self-Love & Worthiness,High
1484,Love & Relationships,Medium
1485,Love & Relationships,Medium
1486,Self-Love & Worthiness,Medium
1487,Peace,Medium
1488,Self-Love & Worthiness,Low
1489,Self-Love & Worthiness,Low
1490,Self-Love & Worthiness,Low
1491,Self-Love & Worthiness,Medium
1492,Self-Love & Worthiness,Low
1493,Self-Love & Worthiness,Medium
1494,Wealth & Abundance,High
1495,Wealth & Abundance,Medium
1496,Self-Love & Worthiness,Low
1497,Health & Wholeness,High
1498,Wealth & Abundance,Medium
1499,Self-Love & Worthiness,Low
1500,Purpose,Medium
1501,Love & Relationships,Medium
1502,Self-Love & Worthiness,Medium
1503,Peace,Medium
1504,Peace,Medium
1505,Confidence & Inner Strength,Medium
1506,Self-Love & Worthiness,Low
1507,Self-Love & Worthiness,Medium
1508,Self-Love & Worthiness,Low
1509,Self-Love & Worthiness,Low
1510,Love & Relationships,Medium
1511,Self-Love & Worthiness,Low
1512,Self-Love & Worthiness,Low
1513,Health & Wholeness,Medium
1514,Health & Wholeness,Medium
1515,Health & Wholeness,Medium
1516,Self-Love & Worthiness,Low
1517,Self-Love & Worthiness,Low
1518,Self-Love & Worthiness,Low
1519,Self-Love & Worthiness,Low
1520,Self-Love & Worthiness,Low
1521,Self-Love & Worthiness,Low
1522,Self-Love & Worthiness,Low
1523,Self-Love & Worthiness,Low
1524,Self-Love & Worthiness,Low
1525,Self-Love & Worthiness,Low
1526,Self-Love & Worthiness,Low
1527,Peace,Medium
1528,Self-Love & Worthiness,Low
1529,Self-Love & Worthiness,Low
1530,Self-Love & Worthiness,Medium
1531,Self-Love & Worthiness,Low
1532,Peace,Medium
1533,Peace,Medium
1534,Purpose,Medium
1535,Self-Love & Worthiness,Low
1537,Self-Love & Worthiness,Low
1538,Confidence & Inner Strength,High
1539,Self-Love & Worthiness,Low
1540,Self-Love & Worthiness,Low
1541,Love & Relationships,Medium
1542,Love & Relationships,Medium
1543,Self-Love & Worthiness,Low
1544,Self-Love & Worthiness,Low
1545,Self-Love & Worthiness,Low
1546,Self-Love & Worthiness,Low
1547,Love & Relationships,Medium
1548,Self-Love & Worthiness,Low
1549,Self-Love & Worthiness,Low
1550,Love & Relationships,Medium
1551,Wealth & Abundance,High
1552,Self-Love & Worthiness,Low
1553,Self-Love & Worthiness,Low
1554,Health & Wholeness,Medium
1555,Self-Love & Worthiness,Low
1556,Love & Relationships,Medium
1557,Love & Relationships,Medium
1558,Love & Relationships,Medium
1559,Peace,Medium
1560,Peace,Medium
1561,Self-Love & Worthiness,Low
1562,Wealth & Abundance,Medium
1563,Love & Relationships,Medium
1564,Peace,Medium
1565,Peace,Medium
1566,Self-Love & Worthiness,Medium
1567,Peace,Medium
1568,Peace,Medium
1569,Love & Relationships,Medium
1570,Love & Relationships,Medium
1571,Self-Love & Worthiness,Medium
1572,Self-Love & Worthiness,Medium
1573,Self-Love & Worthiness,Low
1574,Self-Love & Worthiness,Low
1575,Self-Love & Worthiness,Low
1576,Self-Love & Worthiness,Low
1577,Confidence & Inner Strength,Medium
1578,Peace,Medium
1579,Peace,Medium
1580,Peace,Medium
1581,Self-Love & Worthiness,Low
1582,Peace,High
1583,Self-Love & Worthiness,Low
1584,Self-Love & Worthiness,Low
1585,Health & Wholeness,Medium
1586,Self-Love & Worthiness,Low
1587,Peace,Medium
1588,Peace,Medium
1589,Self-Love & Worthiness,Medium
1590,Self-Love & Worthiness,Medium
1591,Self-Love & Worthiness,Low
1592,Self-Love & Worthiness,Medium
1593,Self-Love & Worthiness,Medium
1594,Self-Love & Worthiness,Low
1595,Self-Love & Worthiness,Low
1596,Self-Love & Worthiness,Low
1597,Self-Love & Worthiness,Low
1598,Peace,Medium
1599,Wealth & Abundance,Medium
1600,Self-Love & Worthiness,Low
1601,Self-Love & Worthiness,Low
1602,Peace,Medium
1603,Wealth & Abundance,Medium
1604,Peace,Medium
1605,Wealth & Abundance,Medium
1606,Self-Love & Worthiness,Medium
1607,Self-Love & Worthiness,Low
1608,Self-Love & Worthiness,Medium
1609,Self-Love & Worthiness,Low
1610,Self-Love & Worthiness,High
1611,Self-Love & Worthiness,High
1612,Self-Love & Worthiness,Low
1613,Self-Love & Worthiness,Low
1614,Self-Love & Worthiness,Low
1615,Self-Love & Worthiness,Low
1616,Self-Love & Worthiness,Low
1617,Self-Love & Worthiness,Medium
1618,Self-Love & Worthiness,Medium
1619,Love & Relationships,Medium
1620,Love & Relationships,High
1621,Love & Relationships,Medium
1622,Self-Love & Worthiness,Low
1623,Self-Love & Worthiness,High
1624,Self-Love & Worthiness,Medium
1625,Self-Love & Worthiness,Low
1626,Confidence & Inner Strength,Medium
1627,Love & Relationships,Medium
1628,Self-Love & Worthiness,Low
1629,Self-Love & Worthiness,Low
1630,Self-Love & Worthiness,Low
1631,Self-Love & Worthiness,Low
1632,Self-Love & Worthiness,Low
1633,Self-Love & Worthiness,Medium
1634,Self-Love & Worthiness,Low
1635,Love & Relationships,Medium
1636,Love & Relationships,Medium
1637,Love & Relationships,Medium
1638,Love & Relationships,Medium
1639,Self-Love & Worthiness,Medium
1640,Self-Love & Worthiness,Medium
1641,Self-Love & Worthiness,Low
1642,Love & Relationships,Medium
1643,Love & Relationships,Medium
1644,Love & Relationships,Medium
1645,Love & Relationships,Medium
1646,Love & Relationships,Medium
1647,Health & Wholeness,Medium
1648,Love & Relationships,Medium
1649,Love & Relationships,Medium
1650,Love & Relationships,Medium
1651,Love & Relationships,Medium
1652,Love & Relationships,Medium
1653,Self-Love & Worthiness,Low
1654,Self-Love & Worthiness,Low
1655,Self-Love & Worthiness,Medium
1656,Self-Love & Worthiness,Medium
1657,Self-Love & Worthiness,Low
1658,Self-Love & Worthiness,Low
1659,Self-Love & Worthiness,Low
1660,Self-Love & Worthiness,Low
1661,Self-Love & Worthiness,Low
1662,Self-Love & Worthiness,Low
1663,Self-Love & Worthiness,Low
1664,Self-Love & Worthiness,Low
1665,Self-Love & Worthiness,Low
1666,Self-Love & Worthiness,Low
1667,Peace,Medium
1668,Wealth & Abundance,Medium
1669,Self-Love & Worthiness,Low
1670,Self-Love & Worthiness,Low
1671,Self-Love & Worthiness,Medium
1672,Self-Love & Worthiness,Low
1673,Love & Relationships,Medium
1674,Love & Relationships,Medium
1675,Peace,Medium
1676,Peace,Medium
1677,Peace,Medium
1678,Peace,Medium
1679,Peace,Medium
1680,Peace,Medium
1681,Love & Relationships,Medium
1682,Peace,Medium
1683,Peace,Medium
1684,Peace,Medium
1685,Peace,Medium
1686,Self-Love & Worthiness,Low
1687,Self-Love & Worthiness,Low
1688,Self-Love & Worthiness,Medium
1689,Self-Love & Worthiness,Medium
1690,Self-Love & Worthiness,Medium
1691,Self-Love & Worthiness,Low
1692,Wealth & Abundance,Medium
1693,Peace,Medium
1694,Self-Love & Worthiness,Low
1695,Self-Love & Worthiness,Low
1696,Peace,Medium
1697,Self-Love & Worthiness,Medium
1698,Self-Love & Worthiness,Medium
1699,Self-Love & Worthiness,Low
1700,Self-Love & Worthiness,Low
1701,Self-Love & Worthiness,Low
1702,Self-Love & Worthiness,Low
1703,Self-Love & Worthiness,Low
1704,Love & Relationships,Medium
1705,Peace,Medium
1706,Self-Love & Worthiness,Low
1707,Love & Relationships,Medium
1708,Self-Love & Worthiness,Low
1709,Peace,Medium
1710,Self-Love & Worthiness,Low
1711,Self-Love & Worthiness,Low
1712,Self-Love & Worthiness,Low
1713,Self-Love & Worthiness,Low
1714,Love & Relationships,Medium
1715,Love & Relationships,Medium
1716,Love & Relationships,Medium
1717,Love & Relationships,Medium
1718,Love & Relationships,Medium
1719,Self-Love & Worthiness,Low
1720,Self-Love & Worthiness,Low
1721,Self-Love & Worthiness,Low
1722,Love & Relationships,Medium
1723,Love & Relationships,Medium
1724,Self-Love & Worthiness,Medium
1725,Love & Relationships,Medium
1726,Love & Relationships,Medium
1727,Love & Relationships,Medium
1728,Love & Relationships,Medium
1729,Love & Relationships,Medium
1730,Self-Love & Worthiness,Low
1731,Wealth & Abundance,Medium
1732,Self-Love & Worthiness,Low
1733,Self-Love & Worthiness,Low
1734,Self-Love & Worthiness,Low
1735,Peace,Medium
1736,Peace,Medium
1737,Self-Love & Worthiness,Low
1738,Self-Love & Worthiness,Medium
1739,Self-Love & Worthiness,Medium
1740,Self-Love & Worthiness,Medium
1741,Self-Love & Worthiness,Medium
1742,Self-Love & Worthiness,Medium
1743,Self-Love & Worthiness,Medium
1744,Self-Love & Worthiness,Medium
1745,Self-Love & Worthiness,Low
1746,Self-Love & Worthiness,Low
1747,Self-Love & Worthiness,Low
1748,Self-Love & Worthiness,Medium
1749,Confidence & Inner Strength,High
1750,Self-Love & Worthiness,Medium
1751,Self-Love & Worthiness,Low
1752,Self-Love & Worthiness,Low
1753,Self-Love & Worthiness,Low
1754,Self-Love & Worthiness,Low
1755,Peace,Medium
1756,Love & Relationships,Medium
1757,Love & Relationships,High
1758,Love & Relationships,Medium
1759,Love & Relationships,Medium
1760,Love & Relationships,Medium
1761,Love & Relationships,Medium
1762,Love & Relationships,Medium
1763,Self-Love & Worthiness,Medium
1764,Love & Relationships,Medium
1765,Self-Love & Worthiness,Low
1766,Self-Love & Worthiness,Low
1767,Purpose,Medium
1768,Purpose,Medium
1769,Self-Love & Worthiness,Low
1770,Love & Relationships,Medium
1771,Self-Love & Worthiness,Low
1772,Self-Love & Worthiness,Low
1773,Self-Love & Worthiness,Low
1774,Love & Relationships,Medium
1775,Love & Relationships,Medium
1776,Love & Relationships,Medium
1777,Love & Relationships,Medium
1778,Love & Relationships,Medium
1779,Self-Love & Worthiness,Low
1780,Love & Relationships,Medium
1781,Peace,Medium
1782,Love & Relationships,Medium
1783,Love & Relationships,Medium
1784,Love & Relationships,Medium
1785,Love & Relationships,Medium
1786,Love & Relationships,Medium
1787,Purpose,Medium
1788,Self-Love & Worthiness,Low
1789,Self-Love & Worthiness,Medium
1790,Self-Love & Worthiness,Medium
1791,Self-Love & Worthiness,Low
1792,Love & Relationships,High
1793,Peace,Medium
1794,Love & Relationships,Medium
1795,Love & Relationships,Medium
1796,Love & Relationships,Medium
1797,Self-Love & Worthiness,Low
1798,Self-Love & Worthiness,Low
1799,Love & Relationships,Medium
1800,Love & Relationships,Medium
1801,Self-Love & Worthiness,Low
1802,Self-Love & Worthiness,Low
1803,Love & Relationships,Medium
1804,Peace,Medium
1805,Peace,Medium
1806,Self-Love & Worthiness,Low
1807,Peace,Medium
1808,Self-Love & Worthiness,Low
1809,Self-Love & Worthiness,Low
1810,Self-Love & Worthiness,Low
1811,Self-Love & Worthiness,Low
1812,Self-Love & Worthiness,Low
1813,Self-Love & Worthiness,Low
1814,Self-Love & Worthiness,High
1815,Self-Love & Worthiness,Low
1816,Wealth & Abundance,Medium
1817,Love & Relationships,Medium
1818,Self-Love & Worthiness,Low
1819,Self-Love & Worthiness,Low
1820,Self-Love & Worthiness,Low
1821,Self-Love & Worthiness,Low
1822,Self-Love & Worthiness,Low
1823,Love & Relationships,Medium
1824,Self-Love & Worthiness,Low
1825,Self-Love & Worthiness,Low
1826,Love & Relationships,Medium
1827,Health & Wholeness,High
1828,Purpose,Medium
1829,Self-Love & Worthiness,Low
1830,Self-Love & Worthiness,Medium
1831,Self-Love & Worthiness,Low
1832,Self-Love & Worthiness,Low
1833,Self-Love & Worthiness,Low
1834,Purpose,Medium
1835,Peace,Medium
1836,Self-Love & Worthiness,Low
1837,Self-Love & Worthiness,Low
1838,Self-Love & Worthiness,Medium
1839,Love & Relationships,Medium
1840,Self-Love & Worthiness,Low
1841,Peace,Medium
1842,Self-Love & Worthiness,Low
1843,Self-Love & Worthiness,Medium
1844,Self-Love & Worthiness,Medium
1845,Self-Love & Worthiness,Low
1846,Self-Love & Worthiness,Low
1847,Self-Love & Worthiness,Low
1848,Self-Love & Worthiness,Low
1849,Purpose,Medium
1850,Self-Love & Worthiness,High
1851,Self-Love & Worthiness,Medium
1852,Self-Love & Worthiness,Low
1,Love & Relationships,Medium
2,Love & Relationships,Medium
3,Self-Love & Worthiness,Medium
4,Self-Love & Worthiness,Medium
5,Love & Relationships,Medium
6,Love & Relationships,Medium
7,Self-Love & Worthiness,Medium
8,Wealth & Abundance,High
9,Love & Relationships,Medium
10,Love & Relationships,Medium
11,Health & Wholeness,High
12,Love & Relationships,Medium
13,Love & Relationships,Medium
14,Love & Relationships,Medium
15,Love & Relationships,High
16,Self-Love & Worthiness,Medium
17,Love & Relationships,Medium
18,Love & Relationships,Medium
19,Confidence & Inner Strength,Medium
20,Love & Relationships,Medium
21,Self-Love & Worthiness,Medium
22,Love & Relationships,Medium
23,Love & Relationships,Medium
24,Love & Relationships,High
25,Love & Relationships,Medium
26,Love & Relationships,Medium
27,Health & Wholeness,Medium
28,Love & Relationships,High
29,Love & Relationships,High
30,Love & Relationships,Medium
31,Love & Relationships,Medium
32,Love & Relationships,Medium
33,Love & Relationships,Medium
34,Love & Relationships,Medium
35,Love & Relationships,Medium
36,Love & Relationships,Medium
37,Love & Relationships,Medium
38,Love & Relationships,High
39,Love & Relationships,Medium
40,Love & Relationships,Medium
41,Love & Relationships,Medium
42,Love & Relationships,Medium
43,Love & Relationships,Medium
44,Self-Love & Worthiness,Medium
45,Love & Relationships,Medium
46,Love & Relationships,Medium
47,Love & Relationships,Medium
48,Love & Relationships,Medium
49,Love & Relationships,Medium
50,Love & Relationships,Medium
51,Love & Relationships,Medium
52,Confidence & Inner Strength,Medium
53,Love & Relationships,Medium
54,Love & Relationships,Medium
55,Love & Relationships,High
56,Love & Relationships,Medium
57,Love & Relationships,Medium
58,Love & Relationships,Medium
59,Love & Relationships,Medium
60,Love & Relationships,Medium
61,Love & Relationships,High
62,Love & Relationships,Medium
63,Love & Relationships,Medium
64,Love & Relationships,High
65,Wealth & Abundance,High
66,Love & Relationships,Medium
67,Love & Relationships,Medium
68,Health & Wholeness,Medium
69,Love & Relationships,Medium
70,Love & Relationships,Medium
71,Love & Relationships,Medium
72,Love & Relationships,Medium
73,Love & Relationships,Medium
74,Love & Relationships,Medium
75,Love & Relationships,Medium
76,Love & Relationships,Medium
77,Love & Relationships,Medium
78,Love & Relationships,Medium
79,Love & Relationships,Medium
80,Self-Love & Worthiness,Medium
81,Love & Relationships,Medium
82,Love & Relationships,Medium
83,Love & Relationships,Medium
84,Love & Relationships,Medium
85,Love & Relationships,Medium
86,Self-Love & Worthiness,Medium
87,Love & Relationships,Medium
88,Love & Relationships,Medium
89,Love & Relationships,Medium
90,Love & Relationships,Medium
91,Love & Relationships,Medium
92,Love & Relationships,Medium
93,Love & Relationships,Medium
94,Love & Relationships,Medium
95,Self-Love & Worthiness,Medium
96,Peace,High
97,Love & Relationships,Medium
98,Purpose,High
99,Health & Wholeness,Medium
100,Love & Relationships,Medium
101,Love & Relationships,Medium
102,Love & Relationships,Medium
103,Self-Love & Worthiness,Medium
104,Self-Love & Worthiness,Medium
105,Love & Relationships,Medium
106,Health & Wholeness,Medium
107,Love & Relationships,Medium
108,Love & Relationships,Medium
109,Love & Relationships,Medium
110,Love & Relationships,Medium
111,Love & Relationships,Medium
112,Love & Relationships,Medium
113,Love & Relationships,Medium
114,Love & Relationships,Medium
115,Love & Relationships,Medium
116,Love & Relationships,Medium
117,Love & Relationships,Medium
118,Love & Relationships,Medium
119,Love & Relationships,Medium
120,Self-Love & Worthiness,Medium
121,Love & Relationships,Medium
122,Self-Love & Worthiness,Medium
123,Love & Relationships,Medium
124,Self-Love & Worthiness,Medium
125,Self-Love & Worthiness,High
126,Love & Relationships,Medium
127,Love & Relationships,Medium
128,Love & Relationships,Medium
129,Love & Relationships,Medium
130,Love & Relationships,Medium
131,Self-Love & Worthiness,Medium
132,Self-Love & Worthiness,Medium
133,Love & Relationships,Medium
134,Love & Relationships,High
135,Love & Relationships,Medium
136,Love & Relationships,Medium
137,Self-Love & Worthiness,High
138,Self-Love & Worthiness,Medium
139,Love & Relationships,Medium
140,Confidence & Inner Strength,Medium
141,Love & Relationships,Medium
142,Love & Relationships,Medium
143,Love & Relationships,Medium
144,Love & Relationships,Medium
145,Love & Relationships,Medium
146,Love & Relationships,Medium
147,Self-Love & Worthiness,Medium
148,Love & Relationships,Medium
149,Love & Relationships,Medium
150,Love & Relationships,Medium
151,Love & Relationships,Medium
152,Love & Relationships,Medium
153,Self-Love & Worthiness,Medium
154,Self-Love & Worthiness,Medium
155,Love & Relationships,Medium
156,Love & Relationships,Medium
157,Love & Relationships,Medium
158,Love & Relationships,Medium
159,Love & Relationships,Medium
160,Love & Relationships,Medium
161,Health & Wholeness,Medium
162,Love & Relationships,Medium
163,Love & Relationships,Medium
164,Love & Relationships,Medium
165,Love & Relationships,Medium
166,Love & Relationships,Medium
167,Love & Relationships,Medium
168,Love & Relationships,Medium
169,Self-Love & Worthiness,Medium
170,Self-Love & Worthiness,Medium
171,Love & Relationships,Medium
172,Love & Relationships,Medium
173,Love & Relationships,Medium
174,Love & Relationships,Medium
175,Love & Relationships,Medium
176,Love & Relationships,Medium
177,Love & Relationships,Medium
178,Love & Relationships,Medium
179,Love & Relationships,Medium
180,Love & Relationships,Medium
181,Love & Relationships,Medium
182,Love & Relationships,Medium
183,Love & Relationships,Medium
184,Self-Love & Worthiness,Medium
185,Love & Relationships,Medium
186,Love & Relationships,Medium
187,Love & Relationships,Medium
188,Love & Relationships,Medium
189,Love & Relationships,Medium
190,Love & Relationships,Medium
191,Love & Relationships,Medium
192,Love & Relationships,Medium
193,Love & Relationships,Medium
194,Love & Relationships,Medium
195,Love & Relationships,Medium
196,Love & Relationships,Medium
197,Love & Relationships,Medium
198,Love & Relationships,Medium
199,Love & Relationships,Medium
200,Love & Relationships,Medium
201,Love & Relationships,Medium
202,Self-Love & Worthiness,Medium
203,Self-Love & Worthiness,Medium
204,Self-Love & Worthiness,Medium
205,Love & Relationships,Medium
206,Love & Relationships,Medium
207,Love & Relationships,Medium
208,Love & Relationships,Medium
209,Love & Relationships,Medium
210,Love & Relationships,Medium
211,Self-Love & Worthiness,Medium
212,Self-Love & Worthiness,Medium
213,Love & Relationships,Medium
214,Love & Relationships,Medium
215,Love & Relationships,Medium
216,Love & Relationships,Medium
217,Love & Relationships,Medium
218,Love & Relationships,Medium
219,Love & Relationships,Medium
220,Love & Relationships,Medium
221,Love & Relationships,High
222,Love & Relationships,Medium
223,Love & Relationships,Medium
224,Love & Relationships,Medium
225,Love & Relationships,Medium
226,Love & Relationships,Medium
227,Love & Relationships,Medium
228,Love & Relationships,Medium
229,Love & Relationships,Medium
230,Love & Relationships,Medium
231,Love & Relationships,Medium
232,Love & Relationships,Medium
233,Love & Relationships,Medium
234,Love & Relationships,Medium
235,Love & Relationships,Medium
236,Love & Relationships,Medium
237,Love & Relationships,Medium
238,Self-Love & Worthiness,Medium
239,Love & Relationships,Medium
240,Love & Relationships,Medium
241,Love & Relationships,Medium
242,Love & Relationships,Medium
243,Love & Relationships,Medium
244,Love & Relationships,Medium
245,Love & Relationships,Medium
246,Love & Relationships,Medium
247,Love & Relationships,Medium
248,Love & Relationships,Medium
249,Love & Relationships,Medium
250,Love & Relationships,Medium
251,Love & Relationships,Medium
252,Self-Love & Worthiness,Medium
253,Self-Love & Worthiness,Medium
254,Self-Love & Worthiness,Medium
255,Self-Love & Worthiness,Medium
256,Self-Love & Worthiness,Medium
257,Self-Love & Worthiness,Medium
258,Love & Relationships,High
259,Love & Relationships,Medium
260,Love & Relationships,Medium
261,Love & Relationships,Medium
262,Self-Love & Worthiness,Medium
263,Self-Love & Worthiness,Medium
264,Self-Love & Worthiness,Medium
265,Love & Relationships,Medium
266,Love & Relationships,Medium
267,Love & Relationships,Medium
268,Love & Relationships,Medium
269,Love & Relationships,Medium
270,Love & Relationships,High
271,Love & Relationships,High
272,Love & Relationships,Medium
273,Love & Relationships,Medium
274,Love & Relationships,Medium
275,Love & Relationships,Medium
276,Love & Relationships,Medium
277,Self-Love & Worthiness,Medium
278,Love & Relationships,Medium
279,Love & Relationships,Medium
280,Love & Relationships,Medium
281,Love & Relationships,Medium
282,Love & Relationships,Medium
283,Love & Relationships,Medium
284,Love & Relationships,High
285,Love & Relationships,Medium
286,Love & Relationships,Medium
287,Love & Relationships,Medium
288,Love & Relationships,Medium
289,Love & Relationships,Medium
290,Love & Relationships,Medium
291,Love & Relationships,Medium
292,Love & Relationships,Medium
293,Love & Relationships,Medium
294,Love & Relationships,Medium
295,Love & Relationships,Medium
296,Love & Relationships,Medium
297,Love & Relationships,Medium
298,Love & Relationships,Medium
299,Love & Relationships,Medium
300,Love & Relationships,Medium
301,Love & Relationships,Medium
302,Love & Relationships,Medium
303,Self-Love & Worthiness,Medium
304,Self-Love & Worthiness,Medium
305,Love & Relationships,Medium
306,Love & Relationships,High
307,Love & Relationships,Medium
308,Love & Relationships,Medium
309,Love & Relationships,High
310,Love & Relationships,High
311,Love & Relationships,Medium
312,Love & Relationships,Medium
313,Love & Relationships,High
314,Love & Relationships,High
315,Love & Relationships,Medium
316,Love & Relationships,Medium
317,Love & Relationships,Medium
318,Love & Relationships,Medium
319,Love & Relationships,Medium
320,Love & Relationships,Medium
321,Love & Relationships,Medium
322,Love & Relationships,Medium
323,Love & Relationships,Medium
324,Love & Relationships,Medium
325,Love & Relationships,Medium
326,Love & Relationships,Medium
327,Love & Relationships,Medium
328,Self-Love & Worthiness,High
329,Love & Relationships,Medium
330,Love & Relationships,Medium
331,Love & Relationships,Medium
332,Love & Relationships,Medium
333,Love & Relationships,Medium
334,Love & Relationships,Medium
335,Love & Relationships,Medium
336,Love & Relationships,Medium
337,Love & Relationships,High
338,Love & Relationships,Medium
339,Love & Relationships,Medium
340,Love & Relationships,Medium
341,Health & Wholeness,High
342,Love & Relationships,Medium
343,Love & Relationships,Medium
344,Self-Love & Worthiness,Medium
345,Love & Relationships,Medium
346,Love & Relationships,Medium
347,Love & Relationships,Medium
348,Love & Relationships,Medium
349,Love & Relationships,Medium
350,Love & Relationships,Medium
351,Love & Relationships,Medium
352,Self-Love & Worthiness,Medium
353,Love & Relationships,Medium
354,Love & Relationships,Medium
355,Love & Relationships,Medium
356,Love & Relationships,Medium
357,Self-Love & Worthiness,Medium
358,Self-Love & Worthiness,Medium
359,Love & Relationships,Medium
360,Love & Relationships,Medium
361,Love & Relationships,Medium
362,Love & Relationships,Medium
363,Love & Relationships,Medium
364,Love & Relationships,Medium
365,Self-Love & Worthiness,Medium
366,Love & Relationships,Medium
367,Love & Relationships,Medium
368,Self-Love & Worthiness,Medium
369,Self-Love & Worthiness,Medium
370,Love & Relationships,Medium
371,Love & Relationships,Medium
372,Self-Love & Worthiness,Medium
373,Wealth & Abundance,High
374,Love & Relationships,Medium
375,Love & Relationships,Medium
376,Health & Wholeness,High
377,Love & Relationships,Medium
378,Love & Relationships,Medium
379,Love & Relationships,Medium
380,Love & Relationships,High
381,Self-Love & Worthiness,Medium
382,Love & Relationships,Medium
383,Love & Relationships,Medium
384,Confidence & Inner Strength,Medium
385,Love & Relationships,Medium
386,Self-Love & Worthiness,Medium
387,Love & Relationships,Medium
388,Love & Relationships,Medium
389,Love & Relationships,High
390,Love & Relationships,Medium
391,Love & Relationships,Medium
392,Health & Wholeness,Medium
393,Love & Relationships,High
394,Love & Relationships,High
395,Love & Relationships,Medium
396,Love & Relationships,Medium
397,Love & Relationships,Medium
398,Love & Relationships,Medium
399,Love & Relationships,Medium
400,Love & Relationships,Medium
401,Love & Relationships,Medium
402,Love & Relationships,Medium
403,Love & Relationships,High
404,Love & Relationships,Medium
405,Love & Relationships,Medium
406,Love & Relationships,Medium
407,Love & Relationships,Medium
408,Love & Relationships,Medium
409,Self-Love & Worthiness,Medium
410,Love & Relationships,Medium
411,Love & Relationships,Medium
412,Love & Relationships,Medium
413,Love & Relationships,Medium
414,Love & Relationships,Medium
415,Love & Relationships,Medium
416,Love & Relationships,Medium
417,Confidence & Inner Strength,Medium
418,Love & Relationships,Medium
419,Love & Relationships,Medium
420,Love & Relationships,High
421,Love & Relationships,Medium
422,Love & Relationships,Medium
423,Love & Relationships,Medium
424,Love & Relationships,Medium
425,Love & Relationships,Medium
426,Love & Relationships,High
427,Love & Relationships,Medium
428,Love & Relationships,Medium
429,Love & Relationships,High
430,Wealth & Abundance,High
431,Love & Relationships,Medium
432,Love & Relationships,Medium
433,Health & Wholeness,Medium
434,Love & Relationships,Medium
435,Love & Relationships,Medium
436,Love & Relationships,Medium
437,Love & Relationships,Medium
438,Love & Relationships,Medium
439,Love & Relationships,Medium
440,Love & Relationships,Medium
441,Love & Relationships,Medium
442,Love & Relationships,Medium
443,Love & Relationships,Medium
444,Love & Relationships,Medium
445,Self-Love & Worthiness,Medium
446,Love & Relationships,Medium
447,Love & Relationships,Medium
448,Love & Relationships,Medium
449,Love & Relationships,Medium
450,Love & Relationships,Medium
451,Self-Love & Worthiness,Medium
452,Love & Relationships,Medium
453,Love & Relationships,Medium
454,Love & Relationships,Medium
455,Love & Relationships,Medium
456,Love & Relationships,Medium
457,Love & Relationships,Medium
458,Love & Relationships,Medium
459,Love & Relationships,Medium
460,Self-Love & Worthiness,Medium
461,Peace,High
462,Love & Relationships,Medium
463,Purpose,High
464,Health & Wholeness,Medium
465,Love & Relationships,Medium
466,Love & Relationships,Medium
467,Love & Relationships,Medium
468,Self-Love & Worthiness,Medium
469,Self-Love & Worthiness,Medium
470,Love & Relationships,Medium
471,Health & Wholeness,Medium
472,Love & Relationships,Medium
473,Love & Relationships,Medium
474,Love & Relationships,Medium
475,Love & Relationships,Medium
476,Love & Relationships,Medium
477,Love & Relationships,Medium
478,Love & Relationships,Medium
479,Love & Relationships,Medium
480,Love & Relationships,Medium
481,Love & Relationships,Medium
482,Love & Relationships,Medium
483,Love & Relationships,Medium
484,Love & Relationships,Medium
485,Self-Love & Worthiness,Medium
486,Love & Relationships,Medium
487,Self-Love & Worthiness,Medium
488,Love & Relationships,Medium
489,Self-Love & Worthiness,Medium
490,Self-Love & Worthiness,High
491,Love & Relationships,Medium
492,Love & Relationships,Medium
493,Love & Relationships,Medium
494,Love & Relationships,Medium
495,Love & Relationships,Medium
496,Self-Love & Worthiness,Medium
497,Self-Love & Worthiness,Medium
498,Love & Relationships,Medium
499,Love & Relationships,High
500,Love & Relationships,Medium
501,Love & Relationships,Medium
502,Self-Love & Worthiness,High
503,Self-Love & Worthiness,Medium
504,Love & Relationships,Medium
505,Confidence & Inner Strength,Medium
506,Love & Relationships,Medium
507,Love & Relationships,Medium
508,Love & Relationships,Medium
509,Love & Relationships,Medium
510,Love & Relationships,Medium
511,Love & Relationships,Medium
512,Self-Love & Worthiness,Medium
513,Love & Relationships,Medium
514,Love & Relationships,Medium
515,Love & Relationships,Medium
516,Love & Relationships,Medium
517,Love & Relationships,Medium
518,Self-Love & Worthiness,Medium
519,Self-Love & Worthiness,Medium
520,Love & Relationships,Medium
521,Love & Relationships,Medium
522,Love & Relationships,Medium
523,Love & Relationships,Medium
524,Love & Relationships,Medium
525,Love & Relationships,Medium
526,Health & Wholeness,Medium
527,Love & Relationships,Medium
528,Love & Relationships,Medium
529,Love & Relationships,Medium
530,Love & Relationships,Medium
531,Love & Relationships,Medium
532,Love & Relationships,Medium
533,Love & Relationships,Medium
534,Self-Love & Worthiness,Medium
535,Self-Love & Worthiness,Medium
536,Love & Relationships,Medium
537,Love & Relationships,Medium
538,Love & Relationships,Medium
539,Love & Relationships,Medium
540,Love & Relationships,Medium
541,Love & Relationships,Medium
542,Love & Relationships,Medium
543,Love & Relationships,Medium
544,Love & Relationships,Medium
545,Love & Relationships,Medium
546,Love & Relationships,Medium
547,Love & Relationships,Medium
548,Love & Relationships,Medium
549,Self-Love & Worthiness,Medium
550,Love & Relationships,Medium
551,Love & Relationships,Medium
552,Love & Relationships,Medium
553,Love & Relationships,Medium
554,Love & Relationships,Medium
555,Love & Relationships,Medium
556,Love & Relationships,Medium
557,Love & Relationships,Medium
558,Love & Relationships,Medium
559,Love & Relationships,Medium
560,Love & Relationships,Medium
561,Love & Relationships,Medium
562,Love & Relationships,Medium
563,Love & Relationships,Medium
564,Love & Relationships,Medium
565,Love & Relationships,Medium
566,Love & Relationships,Medium
567,Self-Love & Worthiness,Medium
568,Self-Love & Worthiness,Medium
569,Self-Love & Worthiness,Medium
570,Love & Relationships,Medium
571,Love & Relationships,Medium
572,Love & Relationships,Medium
573,Love & Relationships,Medium
574,Love & Relationships,Medium
575,Love & Relationships,Medium
576,Self-Love & Worthiness,Medium
577,Self-Love & Worthiness,Medium
578,Love & Relationships,Medium
579,Love & Relationships,Medium
580,Love & Relationships,Medium
581,Love & Relationships,Medium
582,Love & Relationships,Medium
583,Love & Relationships,Medium
584,Love & Relationships,Medium
585,Love & Relationships,Medium
586,Love & Relationships,High
587,Love & Relationships,Medium
588,Love & Relationships,Medium
589,Love & Relationships,Medium
590,Love & Relationships,Medium
591,Love & Relationships,Medium
592,Love & Relationships,Medium
593,Love & Relationships,Medium
594,Love & Relationships,Medium
595,Love & Relationships,Medium
596,Love & Relationships,Medium
597,Love & Relationships,Medium
598,Love & Relationships,Medium
599,Love & Relationships,Medium
600,Love & Relationships,Medium
601,Love & Relationships,Medium
602,Love & Relationships,Medium
603,Self-Love & Worthiness,Medium
604,Love & Relationships,Medium
605,Love & Relationships,Medium
606,Love & Relationships,Medium
607,Love & Relationships,Medium
608,Love & Relationships,Medium
609,Love & Relationships,Medium
610,Love & Relationships,Medium
611,Love & Relationships,Medium
612,Love & Relationships,Medium
613,Love & Relationships,Medium
614,Love & Relationships,Medium
615,Love & Relationships,Medium
616,Love & Relationships,Medium
617,Self-Love & Worthiness,Medium
618,Self-Love & Worthiness,Medium
619,Self-Love & Worthiness,Medium
620,Self-Love & Worthiness,Medium
621,Self-Love & Worthiness,Medium
622,Self-Love & Worthiness,Medium
623,Love & Relationships,High
624,Love & Relationships,Medium
625,Love & Relationships,Medium
626,Love & Relationships,Medium
627,Self-Love & Worthiness,Medium
628,Self-Love & Worthiness,Medium
629,Self-Love & Worthiness,Medium
630,Love & Relationships,Medium
631,Love & Relationships,Medium
632,Love & Relationships,Medium
633,Love & Relationships,Medium
634,Love & Relationships,Medium
635,Love & Relationships,High
636,Love & Relationships,High
637,Love & Relationships,Medium
638,Love & Relationships,Medium
639,Love & Relationships,Medium
640,Love & Relationships,Medium
641,Love & Relationships,Medium
642,Self-Love & Worthiness,Medium
643,Love & Relationships,Medium
644,Love & Relationships,Medium
645,Love & Relationships,Medium
646,Love & Relationships,Medium
647,Love & Relationships,Medium
648,Love & Relationships,Medium
649,Love & Relationships,High
650,Love & Relationships,Medium
651,Love & Relationships,Medium
652,Love & Relationships,Medium
653,Love & Relationships,Medium
654,Love & Relationships,Medium
655,Love & Relationships,Medium
656,Love & Relationships,Medium
657,Love & Relationships,Medium
658,Love & Relationships,Medium
659,Love & Relationships,Medium
660,Love & Relationships,Medium
661,Love & Relationships,Medium
662,Love & Relationships,Medium
663,Love & Relationships,Medium
664,Love & Relationships,Medium
665,Love & Relationships,Medium
666,Love & Relationships,Medium
667,Love & Relationships,Medium
668,Self-Love & Worthiness,Medium
669,Self-Love & Worthiness,Medium
670,Love & Relationships,Medium
671,Love & Relationships,High
672,Love & Relationships,Medium
673,Love & Relationships,Medium
674,Love & Relationships,High
675,Love & Relationships,High
676,Love & Relationships,Medium
677,Love & Relationships,Medium
678,Love & Relationships,High
679,Love & Relationships,High
680,Love & Relationships,Medium
681,Love & Relationships,Medium
682,Love & Relationships,Medium
683,Love & Relationships,Medium
684,Love & Relationships,Medium
685,Love & Relationships,Medium
686,Love & Relationships,Medium
687,Love & Relationships,Medium
688,Love & Relationships,Medium
689,Love & Relationships,Medium
690,Love & Relationships,Medium
691,Love & Relationships,Medium
692,Love & Relationships,Medium
693,Self-Love & Worthiness,High
694,Love & Relationships,Medium
695,Love & Relationships,Medium
696,Love & Relationships,Medium
697,Love & Relationships,Medium
698,Love & Relationships,Medium
699,Love & Relationships,Medium
700,Love & Relationships,Medium
701,Love & Relationships,Medium
702,Love & Relationships,High
703,Love & Relationships,Medium
704,Love & Relationships,Medium
705,Love & Relationships,Medium
706,Health & Wholeness,High
707,Love & Relationships,Medium
708,Love & Relationships,Medium
709,Self-Love & Worthiness,Medium
710,Love & Relationships,Medium
711,Love & Relationships,Medium
712,Love & Relationships,Medium
713,Love & Relationships,Medium
714,Love & Relationships,Medium
715,Love & Relationships,Medium
716,Love & Relationships,Medium
717,Self-Love & Worthiness,Medium
718,Love & Relationships,Medium
719,Love & Relationships,Medium
720,Love & Relationships,Medium
721,Love & Relationships,Medium
722,Self-Love & Worthiness,Medium
723,Self-Love & Worthiness,Medium
724,Love & Relationships,Medium
725,Love & Relationships,Medium
726,Love & Relationships,Medium
727,Love & Relationships,Medium
728,Love & Relationships,Medium
729,Love & Relationships,Medium
730,Self-Love & Worthiness,Medium
